-- phpMyAdmin SQL Dump
-- version 4.8.5
-- https://www.phpmyadmin.net/
--
-- Host: 127.0.0.1
-- Generation Time: Jul 26, 2019 at 06:44 AM
-- Server version: 10.1.38-MariaDB
-- PHP Version: 7.1.27

SET SQL_MODE = "NO_AUTO_VALUE_ON_ZERO";
SET AUTOCOMMIT = 0;
START TRANSACTION;
SET time_zone = "+00:00";


/*!40101 SET @OLD_CHARACTER_SET_CLIENT=@@CHARACTER_SET_CLIENT */;
/*!40101 SET @OLD_CHARACTER_SET_RESULTS=@@CHARACTER_SET_RESULTS */;
/*!40101 SET @OLD_COLLATION_CONNECTION=@@COLLATION_CONNECTION */;
/*!40101 SET NAMES utf8mb4 */;

--
-- Database: `ems`
--

-- --------------------------------------------------------

--
-- Table structure for table `addresses`
--

CREATE TABLE `addresses` (
  `address_id` int(11) NOT NULL,
  `street` varchar(255) NOT NULL,
  `municipality` varchar(255) NOT NULL,
  `district` varchar(255) NOT NULL,
  `state` varchar(255) NOT NULL,
  `country` varchar(255) NOT NULL,
  `created_by` varchar(50) NOT NULL,
  `created_date` timestamp NOT NULL DEFAULT CURRENT_TIMESTAMP ON UPDATE CURRENT_TIMESTAMP,
  `modified_by` varchar(50) NOT NULL,
  `modified_date` timestamp NOT NULL DEFAULT CURRENT_TIMESTAMP
) ENGINE=InnoDB DEFAULT CHARSET=latin1;

--
-- Dumping data for table `addresses`
--

INSERT INTO `addresses` (`address_id`, `street`, `municipality`, `district`, `state`, `country`, `created_by`, `created_date`, `modified_by`, `modified_date`) VALUES
(6, '', '', '', '', 'Nepal', '', '2019-07-25 13:24:38', '', '2019-07-25 13:24:38'),
(7, '13', '123', '123', 'Province 1', 'NP', '', '2019-07-25 13:24:38', '', '2019-07-25 13:24:38');

-- --------------------------------------------------------

--
-- Table structure for table `contacts`
--

CREATE TABLE `contacts` (
  `contact_id` int(11) NOT NULL,
  `home_phone` varchar(255) DEFAULT NULL,
  `mobile_phone` varchar(255) DEFAULT NULL,
  `other_phone1` varchar(255) DEFAULT NULL,
  `other_phone2` varchar(255) DEFAULT NULL,
  `other_phone3` varchar(255) DEFAULT NULL,
  `created_by` varchar(50) NOT NULL,
  `created_date` timestamp NOT NULL DEFAULT CURRENT_TIMESTAMP,
  `modified_by` varchar(50) NOT NULL,
  `modified_date` timestamp NOT NULL DEFAULT CURRENT_TIMESTAMP,
  `email` varchar(255) NOT NULL
) ENGINE=InnoDB DEFAULT CHARSET=latin1;

--
-- Dumping data for table `contacts`
--

INSERT INTO `contacts` (`contact_id`, `home_phone`, `mobile_phone`, `other_phone1`, `other_phone2`, `other_phone3`, `created_by`, `created_date`, `modified_by`, `modified_date`, `email`) VALUES
(6, '', '123', '', '', '', '', '2019-07-25 13:24:41', '', '2019-07-25 13:24:41', '');

-- --------------------------------------------------------

--
-- Table structure for table `departments`
--

CREATE TABLE `departments` (
  `id` int(11) NOT NULL,
  `department_name` varchar(255) NOT NULL,
  `created_by` varchar(50) NOT NULL,
  `created_date` timestamp NOT NULL DEFAULT CURRENT_TIMESTAMP,
  `modified_by` varchar(50) NOT NULL,
  `modified_date` timestamp NOT NULL DEFAULT CURRENT_TIMESTAMP
) ENGINE=InnoDB DEFAULT CHARSET=latin1;

--
-- Dumping data for table `departments`
--

INSERT INTO `departments` (`id`, `department_name`, `created_by`, `created_date`, `modified_by`, `modified_date`) VALUES
(1, 'IT', '', '2019-07-25 09:03:31', '', '2019-07-25 09:03:31');

-- --------------------------------------------------------

--
-- Table structure for table `employees`
--

CREATE TABLE `employees` (
  `emp_id` int(11) NOT NULL,
  `is_department_head` enum('0','1') NOT NULL DEFAULT '0',
  `title` varchar(255) NOT NULL,
  `first_name` varchar(255) NOT NULL,
  `middle_name` varchar(255) DEFAULT NULL,
  `last_name` varchar(255) NOT NULL,
  `join_date` date NOT NULL,
  `is_active` tinyint(1) NOT NULL,
  `department_id` int(11) NOT NULL,
  `created_by` varchar(50) NOT NULL,
  `created_date` timestamp NOT NULL DEFAULT CURRENT_TIMESTAMP,
  `modified_by` varchar(50) DEFAULT NULL,
  `modified_date` timestamp NULL DEFAULT CURRENT_TIMESTAMP,
  `email` varchar(255) DEFAULT NULL,
  `nationality` varchar(255) NOT NULL,
  `visa_permission` varchar(255) NOT NULL,
  `visa_type` varchar(255) DEFAULT NULL,
  `visa_expiry_date` date DEFAULT NULL,
  `passport_no` varchar(255) DEFAULT NULL,
  `passport_issue_place` varchar(255) DEFAULT NULL,
  `e_name` varchar(255) DEFAULT NULL,
  `e_relation` varchar(255) DEFAULT NULL,
  `e_address` varchar(255) DEFAULT NULL,
  `e_phone` varchar(255) DEFAULT NULL,
  `highest_degree` varchar(255) NOT NULL,
  `degree_title` varchar(255) NOT NULL,
  `university` varchar(255) DEFAULT NULL,
  `institute` varchar(255) NOT NULL,
  `dob` date NOT NULL,
  `gender` varchar(255) NOT NULL,
  `blood_group` varchar(255) NOT NULL,
  `medical_complications` text,
  `regular_medication` text,
  `allergies` varchar(255) NOT NULL,
  `allergy_description` text,
  `pan` varchar(255) DEFAULT NULL,
  `previous_employer` varchar(255) DEFAULT NULL,
  `package_id` int(11) DEFAULT NULL,
  `is_approver` enum('0','1') NOT NULL DEFAULT '0',
  `is_recommender` enum('0','1') NOT NULL DEFAULT '0',
  `is_on_leave` enum('0','1') NOT NULL DEFAULT '0'
) ENGINE=InnoDB DEFAULT CHARSET=latin1;

--
-- Dumping data for table `employees`
--

INSERT INTO `employees` (`emp_id`, `is_department_head`, `title`, `first_name`, `middle_name`, `last_name`, `join_date`, `is_active`, `department_id`, `created_by`, `created_date`, `modified_by`, `modified_date`, `email`, `nationality`, `visa_permission`, `visa_type`, `visa_expiry_date`, `passport_no`, `passport_issue_place`, `e_name`, `e_relation`, `e_address`, `e_phone`, `highest_degree`, `degree_title`, `university`, `institute`, `dob`, `gender`, `blood_group`, `medical_complications`, `regular_medication`, `allergies`, `allergy_description`, `pan`, `previous_employer`, `package_id`, `is_approver`, `is_recommender`, `is_on_leave`) VALUES
(255, '0', 'Mr', 'Tsering', '', 'Lama', '2019-07-25', 1, 1, '', '2019-07-25 09:03:39', NULL, '2019-07-25 09:03:39', 'candy.khando@gmail.com', 'Nepalese', 'Not required', '', '0000-00-00', '123', 'test', '123', '213', '123', '123', 'Master', '213', '123', '213', '1989-11-30', 'Male', 'B -ve', '23', '123', 'No', '', '123', NULL, NULL, '0', '0', '0'),
(256, '0', 'Mr', 'Ramesh', '', 'Kunwar', '2019-07-25', 1, 1, '', '2019-07-25 14:19:20', NULL, '2019-07-25 14:19:20', NULL, '', '', NULL, NULL, NULL, NULL, NULL, NULL, NULL, NULL, '', '', NULL, '', '0000-00-00', '', '', NULL, NULL, '', NULL, NULL, NULL, NULL, '0', '0', '0'),
(257, '0', 'Mr', 'Nima', '', 'Lama', '2019-07-26', 1, 1, '', '2019-07-26 04:31:09', NULL, '2019-07-26 04:31:09', NULL, '', '', NULL, NULL, NULL, NULL, NULL, NULL, NULL, NULL, '', '', NULL, '', '0000-00-00', '', '', NULL, NULL, '', NULL, NULL, NULL, NULL, '0', '0', '0');

-- --------------------------------------------------------

--
-- Table structure for table `employee_addresses`
--

CREATE TABLE `employee_addresses` (
  `emp_id` int(11) NOT NULL,
  `primary_addressId` int(11) DEFAULT NULL,
  `secondary_addressId` int(11) DEFAULT NULL,
  `created_by` varchar(50) NOT NULL,
  `created_date` timestamp NOT NULL DEFAULT CURRENT_TIMESTAMP,
  `modified_by` varchar(50) NOT NULL,
  `modified_date` timestamp NOT NULL DEFAULT CURRENT_TIMESTAMP
) ENGINE=InnoDB DEFAULT CHARSET=latin1;

--
-- Dumping data for table `employee_addresses`
--

INSERT INTO `employee_addresses` (`emp_id`, `primary_addressId`, `secondary_addressId`, `created_by`, `created_date`, `modified_by`, `modified_date`) VALUES
(255, 6, 7, '', '2019-07-25 13:24:38', '', '2019-07-25 13:24:38');

-- --------------------------------------------------------

--
-- Table structure for table `employee_approvers`
--

CREATE TABLE `employee_approvers` (
  `approver_id` int(11) DEFAULT NULL,
  `emp_id` int(11) DEFAULT NULL,
  `recommender_id` int(11) DEFAULT NULL,
  `created_by` varchar(255) NOT NULL,
  `created_date` timestamp NOT NULL DEFAULT CURRENT_TIMESTAMP,
  `modified_by` varchar(255) DEFAULT NULL,
  `modified_date` timestamp NULL DEFAULT CURRENT_TIMESTAMP
) ENGINE=InnoDB DEFAULT CHARSET=latin1;

-- --------------------------------------------------------

--
-- Table structure for table `employee_contacts`
--

CREATE TABLE `employee_contacts` (
  `emp_id` int(11) NOT NULL,
  `contact_id` int(11) NOT NULL,
  `created_by` varchar(50) NOT NULL,
  `created_date` datetime NOT NULL DEFAULT CURRENT_TIMESTAMP,
  `modified_by` varchar(50) NOT NULL,
  `modified_date` datetime NOT NULL DEFAULT CURRENT_TIMESTAMP
) ENGINE=InnoDB DEFAULT CHARSET=latin1;

--
-- Dumping data for table `employee_contacts`
--

INSERT INTO `employee_contacts` (`emp_id`, `contact_id`, `created_by`, `created_date`, `modified_by`, `modified_date`) VALUES
(255, 6, '', '2019-07-25 19:09:42', '', '2019-07-25 19:09:42');

-- --------------------------------------------------------

--
-- Table structure for table `employee_documents`
--

CREATE TABLE `employee_documents` (
  `doc_id` int(11) NOT NULL,
  `emp_id` int(11) NOT NULL,
  `doc_title` varchar(255) DEFAULT NULL,
  `doc_file` text NOT NULL,
  `created_by` varchar(255) NOT NULL,
  `created_date` timestamp NOT NULL DEFAULT CURRENT_TIMESTAMP,
  `modified_by` varchar(255) DEFAULT NULL,
  `modified_date` timestamp NOT NULL DEFAULT CURRENT_TIMESTAMP
) ENGINE=InnoDB DEFAULT CHARSET=latin1;

--
-- Dumping data for table `employee_documents`
--

INSERT INTO `employee_documents` (`doc_id`, `emp_id`, `doc_title`, `doc_file`, `created_by`, `created_date`, `modified_by`, `modified_date`) VALUES
(1, 255, 'EMS.pdf', 'EMS.pdf', '', '2019-07-25 13:26:27', NULL, '2019-07-25 13:26:27'),
(2, 256, 'EMS.pdf', 'EMS.pdf', '', '2019-07-25 14:26:32', NULL, '2019-07-25 14:26:32');

-- --------------------------------------------------------

--
-- Table structure for table `employee_leaves`
--

CREATE TABLE `employee_leaves` (
  `id` int(11) NOT NULL,
  `emp_id` int(11) NOT NULL,
  `leave_id` int(11) NOT NULL,
  `recommender_id` int(11) DEFAULT NULL,
  `approver_id` int(11) DEFAULT NULL,
  `package_id` int(11) DEFAULT NULL,
  `is_approved` enum('0','1') NOT NULL,
  `duration_type` varchar(255) NOT NULL,
  `is_recommended` enum('pending','denied','recommended') NOT NULL DEFAULT 'pending',
  `leave_applied_date` date NOT NULL,
  `from_date` date NOT NULL,
  `to_date` date DEFAULT NULL,
  `duty_performed_by` int(11) NOT NULL,
  `reason` text NOT NULL,
  `denial_reason` text,
  `approved_date` date NOT NULL,
  `recommended_date` date NOT NULL,
  `created_by` varchar(255) NOT NULL,
  `created_date` timestamp NOT NULL DEFAULT CURRENT_TIMESTAMP,
  `modified_by` varchar(255) DEFAULT NULL,
  `modified_date` timestamp NULL DEFAULT CURRENT_TIMESTAMP
) ENGINE=InnoDB DEFAULT CHARSET=latin1;

--
-- Dumping data for table `employee_leaves`
--

INSERT INTO `employee_leaves` (`id`, `emp_id`, `leave_id`, `recommender_id`, `approver_id`, `package_id`, `is_approved`, `duration_type`, `is_recommended`, `leave_applied_date`, `from_date`, `to_date`, `duty_performed_by`, `reason`, `denial_reason`, `approved_date`, `recommended_date`, `created_by`, `created_date`, `modified_by`, `modified_date`) VALUES
(119, 255, 39, NULL, NULL, NULL, '0', 'half', 'denied', '0000-00-00', '2019-07-25', NULL, 0, ' 213', '', '0000-00-00', '0000-00-00', '', '2019-07-25 12:36:03', NULL, '2019-07-25 12:36:03'),
(120, 256, 40, NULL, NULL, NULL, '0', 'half', 'denied', '0000-00-00', '2019-07-25', NULL, 255, ' ', '', '0000-00-00', '0000-00-00', '', '2019-07-25 14:19:40', NULL, '2019-07-25 14:19:40');

-- --------------------------------------------------------

--
-- Table structure for table `employee_leave_balance`
--

CREATE TABLE `employee_leave_balance` (
  `emp_id` int(11) NOT NULL,
  `leave_id` int(11) NOT NULL,
  `remain_days` int(11) NOT NULL,
  `created_by` varchar(50) NOT NULL,
  `created_date` timestamp NOT NULL DEFAULT CURRENT_TIMESTAMP ON UPDATE CURRENT_TIMESTAMP,
  `modified_by` varchar(50) DEFAULT NULL,
  `modified_date` timestamp NULL DEFAULT NULL
) ENGINE=InnoDB DEFAULT CHARSET=latin1;

-- --------------------------------------------------------

--
-- Table structure for table `employee_work_experience`
--

CREATE TABLE `employee_work_experience` (
  `id` int(11) NOT NULL,
  `emp_id` int(11) NOT NULL,
  `responsibility` varchar(255) NOT NULL,
  `organization` varchar(255) NOT NULL,
  `contact_person_name` varchar(255) NOT NULL,
  `contact_person_phone` varchar(255) NOT NULL,
  `contact_address` varchar(255) NOT NULL,
  `from_date` date DEFAULT NULL,
  `to_date` date DEFAULT NULL,
  `created_by` varchar(255) NOT NULL,
  `created_date` timestamp NOT NULL DEFAULT CURRENT_TIMESTAMP,
  `modified_by` varchar(255) DEFAULT NULL,
  `modified_date` datetime NOT NULL DEFAULT CURRENT_TIMESTAMP
) ENGINE=InnoDB DEFAULT CHARSET=latin1;

--
-- Dumping data for table `employee_work_experience`
--

INSERT INTO `employee_work_experience` (`id`, `emp_id`, `responsibility`, `organization`, `contact_person_name`, `contact_person_phone`, `contact_address`, `from_date`, `to_date`, `created_by`, `created_date`, `modified_by`, `modified_date`) VALUES
(2, 257, '123', '132', '123', '123', '123', '2019-07-01', '2019-07-15', '', '2019-07-26 04:32:48', NULL, '2019-07-26 10:17:48');

-- --------------------------------------------------------

--
-- Table structure for table `leaves`
--

CREATE TABLE `leaves` (
  `leave_id` int(11) NOT NULL,
  `leave_name` varchar(255) NOT NULL,
  `created_by` varchar(255) NOT NULL,
  `created_date` timestamp NOT NULL DEFAULT CURRENT_TIMESTAMP,
  `modified_by` varchar(255) DEFAULT NULL,
  `modified_date` timestamp NULL DEFAULT CURRENT_TIMESTAMP
) ENGINE=InnoDB DEFAULT CHARSET=latin1;

--
-- Dumping data for table `leaves`
--

INSERT INTO `leaves` (`leave_id`, `leave_name`, `created_by`, `created_date`, `modified_by`, `modified_date`) VALUES
(39, 'Casual Leave', '123', '2019-07-25 12:35:36', NULL, '2019-07-25 12:35:36'),
(40, 'Sick Leave', '123', '2019-07-25 14:18:46', NULL, '2019-07-25 14:18:46');

-- --------------------------------------------------------

--
-- Table structure for table `leave_packages`
--

CREATE TABLE `leave_packages` (
  `leave_id` int(11) NOT NULL,
  `package_id` int(11) NOT NULL,
  `duration` int(11) NOT NULL,
  `created_by` varchar(255) NOT NULL,
  `created_date` timestamp NOT NULL DEFAULT CURRENT_TIMESTAMP,
  `modified_by` varchar(255) DEFAULT NULL,
  `modified_date` timestamp NULL DEFAULT CURRENT_TIMESTAMP
) ENGINE=InnoDB DEFAULT CHARSET=latin1;

--
-- Dumping data for table `leave_packages`
--

INSERT INTO `leave_packages` (`leave_id`, `package_id`, `duration`, `created_by`, `created_date`, `modified_by`, `modified_date`) VALUES
(39, 44, 1, '123', '2019-07-25 12:35:43', NULL, '2019-07-25 12:35:43');

-- --------------------------------------------------------

--
-- Table structure for table `modules`
--

CREATE TABLE `modules` (
  `module_id` int(11) NOT NULL,
  `module_name` varchar(255) NOT NULL,
  `created_by` varchar(50) NOT NULL,
  `created_date` timestamp NOT NULL DEFAULT CURRENT_TIMESTAMP,
  `modified_by` varchar(50) NOT NULL,
  `modified_date` timestamp NOT NULL DEFAULT CURRENT_TIMESTAMP
) ENGINE=InnoDB DEFAULT CHARSET=latin1;

-- --------------------------------------------------------

--
-- Table structure for table `packages`
--

CREATE TABLE `packages` (
  `package_id` int(11) NOT NULL,
  `package_name` varchar(255) NOT NULL,
  `created_by` varchar(255) NOT NULL,
  `created_date` timestamp NOT NULL DEFAULT CURRENT_TIMESTAMP,
  `modified_by` varchar(255) DEFAULT NULL,
  `modified_date` timestamp NOT NULL DEFAULT CURRENT_TIMESTAMP
) ENGINE=InnoDB DEFAULT CHARSET=latin1;

--
-- Dumping data for table `packages`
--

INSERT INTO `packages` (`package_id`, `package_name`, `created_by`, `created_date`, `modified_by`, `modified_date`) VALUES
(44, 'Normal', '123', '2019-07-25 12:35:43', NULL, '2019-07-25 12:35:43');

-- --------------------------------------------------------

--
-- Table structure for table `permissions`
--

CREATE TABLE `permissions` (
  `permission_id` int(11) NOT NULL,
  `created_by` varchar(50) NOT NULL,
  `created_date` timestamp NOT NULL DEFAULT CURRENT_TIMESTAMP,
  `modified_by` varchar(50) NOT NULL,
  `modified_date` timestamp NOT NULL DEFAULT CURRENT_TIMESTAMP
) ENGINE=InnoDB DEFAULT CHARSET=latin1;

-- --------------------------------------------------------

--
-- Table structure for table `roles`
--

CREATE TABLE `roles` (
  `role_id` int(11) NOT NULL,
  `role_name` varchar(255) NOT NULL,
  `created_by` varchar(50) NOT NULL,
  `created_date` timestamp NOT NULL DEFAULT CURRENT_TIMESTAMP ON UPDATE CURRENT_TIMESTAMP,
  `modified_by` varchar(50) DEFAULT NULL,
  `modified_date` timestamp NULL DEFAULT CURRENT_TIMESTAMP
) ENGINE=InnoDB DEFAULT CHARSET=latin1;

--
-- Dumping data for table `roles`
--

INSERT INTO `roles` (`role_id`, `role_name`, `created_by`, `created_date`, `modified_by`, `modified_date`) VALUES
(3, 'admin', '', '2019-07-25 09:00:19', NULL, '2019-07-25 09:00:19'),
(4, 'employee', '', '2019-07-25 09:00:19', NULL, '2019-07-25 09:00:19');

-- --------------------------------------------------------

--
-- Table structure for table `role_permission_modules`
--

CREATE TABLE `role_permission_modules` (
  `module_id` int(11) NOT NULL,
  `permission_id` int(11) NOT NULL,
  `role_id` int(11) NOT NULL,
  `created_by` varchar(50) NOT NULL,
  `created_date` timestamp NOT NULL DEFAULT CURRENT_TIMESTAMP,
  `modified_by` varchar(50) DEFAULT NULL,
  `modified_date` timestamp NULL DEFAULT CURRENT_TIMESTAMP
) ENGINE=InnoDB DEFAULT CHARSET=latin1;

-- --------------------------------------------------------

--
-- Table structure for table `users`
--

CREATE TABLE `users` (
  `user_num` int(11) NOT NULL,
  `user_id` int(11) NOT NULL,
  `user_pass` varchar(255) NOT NULL,
  `is_logged_in` tinyint(1) NOT NULL,
  `created_by` varchar(50) NOT NULL,
  `created_date` timestamp NOT NULL DEFAULT CURRENT_TIMESTAMP,
  `modified_by` varchar(50) NOT NULL,
  `modified_date` timestamp NOT NULL DEFAULT CURRENT_TIMESTAMP
) ENGINE=InnoDB DEFAULT CHARSET=latin1;

--
-- Dumping data for table `users`
--

INSERT INTO `users` (`user_num`, `user_id`, `user_pass`, `is_logged_in`, `created_by`, `created_date`, `modified_by`, `modified_date`) VALUES
(250, 123, 'admin', 0, '', '2019-07-25 09:00:02', '', '2019-07-25 09:00:02'),
(251, 255, 'tsla123', 1, '', '2019-07-25 09:03:39', '', '2019-07-25 09:03:39'),
(252, 256, 'raku123', 0, '', '2019-07-25 14:19:20', '', '2019-07-25 14:19:20'),
(253, 257, 'nila123', 0, '', '2019-07-26 04:31:10', '', '2019-07-26 04:31:10');

-- --------------------------------------------------------

--
-- Table structure for table `user_roles`
--

CREATE TABLE `user_roles` (
  `role_id` int(11) NOT NULL,
  `user_id` int(11) NOT NULL,
  `created_by` varchar(50) NOT NULL,
  `created_date` timestamp NOT NULL DEFAULT CURRENT_TIMESTAMP,
  `modified_by` varchar(50) DEFAULT NULL,
  `modified_date` timestamp NULL DEFAULT CURRENT_TIMESTAMP
) ENGINE=InnoDB DEFAULT CHARSET=latin1;

--
-- Dumping data for table `user_roles`
--

INSERT INTO `user_roles` (`role_id`, `user_id`, `created_by`, `created_date`, `modified_by`, `modified_date`) VALUES
(3, 250, '', '2019-07-25 09:00:35', NULL, '2019-07-25 09:00:35'),
(4, 251, '', '2019-07-25 09:03:39', NULL, '2019-07-25 09:03:39'),
(4, 252, '', '2019-07-25 14:19:21', NULL, '2019-07-25 14:19:21'),
(4, 253, '', '2019-07-26 04:31:10', NULL, '2019-07-26 04:31:10');

--
-- Indexes for dumped tables
--

--
-- Indexes for table `addresses`
--
ALTER TABLE `addresses`
  ADD PRIMARY KEY (`address_id`);

--
-- Indexes for table `contacts`
--
ALTER TABLE `contacts`
  ADD PRIMARY KEY (`contact_id`);

--
-- Indexes for table `departments`
--
ALTER TABLE `departments`
  ADD PRIMARY KEY (`id`);

--
-- Indexes for table `employees`
--
ALTER TABLE `employees`
  ADD PRIMARY KEY (`emp_id`),
  ADD KEY `departmentId` (`department_id`),
  ADD KEY `package_id` (`package_id`);

--
-- Indexes for table `employee_addresses`
--
ALTER TABLE `employee_addresses`
  ADD PRIMARY KEY (`emp_id`),
  ADD KEY `primary_addressId` (`primary_addressId`),
  ADD KEY `secondary_addressId` (`secondary_addressId`);

--
-- Indexes for table `employee_approvers`
--
ALTER TABLE `employee_approvers`
  ADD KEY `approver_id` (`approver_id`),
  ADD KEY `emp_id` (`emp_id`),
  ADD KEY `recommendar_id` (`recommender_id`);

--
-- Indexes for table `employee_contacts`
--
ALTER TABLE `employee_contacts`
  ADD PRIMARY KEY (`emp_id`),
  ADD KEY `emp_id` (`emp_id`),
  ADD KEY `contact_id` (`contact_id`);

--
-- Indexes for table `employee_documents`
--
ALTER TABLE `employee_documents`
  ADD PRIMARY KEY (`doc_id`),
  ADD KEY `emp_id` (`emp_id`);

--
-- Indexes for table `employee_leaves`
--
ALTER TABLE `employee_leaves`
  ADD PRIMARY KEY (`id`),
  ADD KEY `emp_id` (`emp_id`),
  ADD KEY `approver_id` (`approver_id`),
  ADD KEY `leave_id` (`leave_id`),
  ADD KEY `package_id` (`package_id`),
  ADD KEY `recommender_id` (`recommender_id`);

--
-- Indexes for table `employee_leave_balance`
--
ALTER TABLE `employee_leave_balance`
  ADD PRIMARY KEY (`emp_id`,`leave_id`),
  ADD KEY `emp_id` (`emp_id`),
  ADD KEY `leave_id` (`leave_id`);

--
-- Indexes for table `employee_work_experience`
--
ALTER TABLE `employee_work_experience`
  ADD PRIMARY KEY (`id`),
  ADD KEY `emp_id` (`emp_id`);

--
-- Indexes for table `leaves`
--
ALTER TABLE `leaves`
  ADD PRIMARY KEY (`leave_id`);

--
-- Indexes for table `leave_packages`
--
ALTER TABLE `leave_packages`
  ADD PRIMARY KEY (`leave_id`,`package_id`),
  ADD KEY `package_id` (`package_id`);

--
-- Indexes for table `modules`
--
ALTER TABLE `modules`
  ADD PRIMARY KEY (`module_id`);

--
-- Indexes for table `packages`
--
ALTER TABLE `packages`
  ADD PRIMARY KEY (`package_id`);

--
-- Indexes for table `permissions`
--
ALTER TABLE `permissions`
  ADD PRIMARY KEY (`permission_id`);

--
-- Indexes for table `roles`
--
ALTER TABLE `roles`
  ADD PRIMARY KEY (`role_id`);

--
-- Indexes for table `role_permission_modules`
--
ALTER TABLE `role_permission_modules`
  ADD PRIMARY KEY (`module_id`,`permission_id`,`role_id`),
  ADD KEY `permissionId` (`permission_id`),
  ADD KEY `roleId` (`role_id`);

--
-- Indexes for table `users`
--
ALTER TABLE `users`
  ADD PRIMARY KEY (`user_num`),
  ADD KEY `user_id` (`user_id`);

--
-- Indexes for table `user_roles`
--
ALTER TABLE `user_roles`
  ADD PRIMARY KEY (`role_id`,`user_id`),
  ADD KEY `user_id` (`user_id`);

--
-- AUTO_INCREMENT for dumped tables
--

--
-- AUTO_INCREMENT for table `addresses`
--
ALTER TABLE `addresses`
  MODIFY `address_id` int(11) NOT NULL AUTO_INCREMENT, AUTO_INCREMENT=8;

--
-- AUTO_INCREMENT for table `contacts`
--
ALTER TABLE `contacts`
  MODIFY `contact_id` int(11) NOT NULL AUTO_INCREMENT, AUTO_INCREMENT=7;

--
-- AUTO_INCREMENT for table `departments`
--
ALTER TABLE `departments`
  MODIFY `id` int(11) NOT NULL AUTO_INCREMENT, AUTO_INCREMENT=2;

--
-- AUTO_INCREMENT for table `employees`
--
ALTER TABLE `employees`
  MODIFY `emp_id` int(11) NOT NULL AUTO_INCREMENT, AUTO_INCREMENT=258;

--
-- AUTO_INCREMENT for table `employee_documents`
--
ALTER TABLE `employee_documents`
  MODIFY `doc_id` int(11) NOT NULL AUTO_INCREMENT, AUTO_INCREMENT=3;

--
-- AUTO_INCREMENT for table `employee_leaves`
--
ALTER TABLE `employee_leaves`
  MODIFY `id` int(11) NOT NULL AUTO_INCREMENT, AUTO_INCREMENT=121;

--
-- AUTO_INCREMENT for table `employee_work_experience`
--
ALTER TABLE `employee_work_experience`
  MODIFY `id` int(11) NOT NULL AUTO_INCREMENT, AUTO_INCREMENT=3;

--
-- AUTO_INCREMENT for table `leaves`
--
ALTER TABLE `leaves`
  MODIFY `leave_id` int(11) NOT NULL AUTO_INCREMENT, AUTO_INCREMENT=41;

--
-- AUTO_INCREMENT for table `modules`
--
ALTER TABLE `modules`
  MODIFY `module_id` int(11) NOT NULL AUTO_INCREMENT;

--
-- AUTO_INCREMENT for table `packages`
--
ALTER TABLE `packages`
  MODIFY `package_id` int(11) NOT NULL AUTO_INCREMENT, AUTO_INCREMENT=45;

--
-- AUTO_INCREMENT for table `permissions`
--
ALTER TABLE `permissions`
  MODIFY `permission_id` int(11) NOT NULL AUTO_INCREMENT;

--
-- AUTO_INCREMENT for table `roles`
--
ALTER TABLE `roles`
  MODIFY `role_id` int(11) NOT NULL AUTO_INCREMENT, AUTO_INCREMENT=5;

--
-- AUTO_INCREMENT for table `users`
--
ALTER TABLE `users`
  MODIFY `user_num` int(11) NOT NULL AUTO_INCREMENT, AUTO_INCREMENT=254;

--
-- Constraints for dumped tables
--

--
-- Constraints for table `employees`
--
ALTER TABLE `employees`
  ADD CONSTRAINT `employees_ibfk_1` FOREIGN KEY (`department_id`) REFERENCES `departments` (`id`),
  ADD CONSTRAINT `employees_ibfk_2` FOREIGN KEY (`package_id`) REFERENCES `packages` (`package_id`) ON DELETE SET NULL ON UPDATE SET NULL;

--
-- Constraints for table `employee_addresses`
--
ALTER TABLE `employee_addresses`
  ADD CONSTRAINT `employee_addresses_ibfk_1` FOREIGN KEY (`emp_id`) REFERENCES `employees` (`emp_id`) ON DELETE CASCADE ON UPDATE CASCADE,
  ADD CONSTRAINT `employee_addresses_ibfk_2` FOREIGN KEY (`primary_addressId`) REFERENCES `addresses` (`address_id`) ON DELETE SET NULL ON UPDATE SET NULL,
  ADD CONSTRAINT `employee_addresses_ibfk_3` FOREIGN KEY (`secondary_addressId`) REFERENCES `addresses` (`address_id`) ON DELETE SET NULL ON UPDATE SET NULL;

--
-- Constraints for table `employee_approvers`
--
ALTER TABLE `employee_approvers`
  ADD CONSTRAINT `employee_approvers_ibfk_1` FOREIGN KEY (`approver_id`) REFERENCES `employees` (`emp_id`) ON DELETE SET NULL ON UPDATE SET NULL,
  ADD CONSTRAINT `employee_approvers_ibfk_2` FOREIGN KEY (`emp_id`) REFERENCES `employees` (`emp_id`) ON DELETE CASCADE ON UPDATE CASCADE,
  ADD CONSTRAINT `employee_approvers_ibfk_3` FOREIGN KEY (`recommender_id`) REFERENCES `employees` (`emp_id`) ON DELETE SET NULL ON UPDATE SET NULL;

--
-- Constraints for table `employee_documents`
--
ALTER TABLE `employee_documents`
  ADD CONSTRAINT `employee_documents_ibfk_1` FOREIGN KEY (`emp_id`) REFERENCES `employees` (`emp_id`) ON DELETE CASCADE ON UPDATE CASCADE;

--
-- Constraints for table `employee_leaves`
--
ALTER TABLE `employee_leaves`
  ADD CONSTRAINT `employee_leaves_ibfk_1` FOREIGN KEY (`emp_id`) REFERENCES `employees` (`emp_id`) ON DELETE CASCADE ON UPDATE CASCADE,
  ADD CONSTRAINT `employee_leaves_ibfk_2` FOREIGN KEY (`approver_id`) REFERENCES `employees` (`emp_id`) ON DELETE SET NULL ON UPDATE SET NULL,
  ADD CONSTRAINT `employee_leaves_ibfk_4` FOREIGN KEY (`package_id`) REFERENCES `employees` (`package_id`) ON DELETE SET NULL ON UPDATE SET NULL,
  ADD CONSTRAINT `employee_leaves_ibfk_5` FOREIGN KEY (`recommender_id`) REFERENCES `employees` (`emp_id`) ON DELETE SET NULL ON UPDATE SET NULL,
  ADD CONSTRAINT `employee_leaves_ibfk_6` FOREIGN KEY (`leave_id`) REFERENCES `leaves` (`leave_id`) ON DELETE CASCADE ON UPDATE CASCADE;

--
-- Constraints for table `employee_leave_balance`
--
ALTER TABLE `employee_leave_balance`
  ADD CONSTRAINT `employee_leave_balance_ibfk_1` FOREIGN KEY (`emp_id`) REFERENCES `employees` (`emp_id`) ON DELETE CASCADE ON UPDATE CASCADE,
  ADD CONSTRAINT `employee_leave_balance_ibfk_2` FOREIGN KEY (`leave_id`) REFERENCES `leaves` (`leave_id`) ON DELETE CASCADE ON UPDATE CASCADE;

--
-- Constraints for table `employee_work_experience`
--
ALTER TABLE `employee_work_experience`
  ADD CONSTRAINT `employee_work_experience_ibfk_1` FOREIGN KEY (`emp_id`) REFERENCES `employees` (`emp_id`) ON DELETE CASCADE ON UPDATE CASCADE;

--
-- Constraints for table `leave_packages`
--
ALTER TABLE `leave_packages`
  ADD CONSTRAINT `leave_packages_ibfk_2` FOREIGN KEY (`package_id`) REFERENCES `packages` (`package_id`) ON DELETE CASCADE ON UPDATE CASCADE,
  ADD CONSTRAINT `leave_packages_ibfk_3` FOREIGN KEY (`leave_id`) REFERENCES `leaves` (`leave_id`) ON DELETE CASCADE ON UPDATE CASCADE;

--
-- Constraints for table `role_permission_modules`
--
ALTER TABLE `role_permission_modules`
  ADD CONSTRAINT `role_permission_modules_ibfk_1` FOREIGN KEY (`role_id`) REFERENCES `roles` (`role_id`) ON DELETE CASCADE ON UPDATE CASCADE;

--
-- Constraints for table `user_roles`
--
ALTER TABLE `user_roles`
  ADD CONSTRAINT `user_roles_ibfk_1` FOREIGN KEY (`role_id`) REFERENCES `roles` (`role_id`),
  ADD CONSTRAINT `user_roles_ibfk_2` FOREIGN KEY (`user_id`) REFERENCES `users` (`user_num`) ON DELETE CASCADE ON UPDATE CASCADE;
COMMIT;

/*!40101 SET CHARACTER_SET_CLIENT=@OLD_CHARACTER_SET_CLIENT */;
/*!40101 SET CHARACTER_SET_RESULTS=@OLD_CHARACTER_SET_RESULTS */;
/*!40101 SET COLLATION_CONNECTION=@OLD_COLLATION_CONNECTION */;
